image_id,image_path,class_label,xmin,ymin,xmax,ymax,azimuth,elevation,theta
2008_000045,Images/train_pascal/2008_000045.jpg,train,45,42,455,342,8.572597757942244,-0.06388115509112934,0.3121750822949004
2008_000343,Images/train_pascal/2008_000343.jpg,train,1,1,332,337,199.9890824320358,0.35620558047032935,-0.6861542578115983
2008_000470,Images/train_pascal/2008_000470.jpg,train,1,1,340,325,21.086363922548454,-1.2397559191255771,-0.1687437116275695
2008_001105,Images/train_pascal/2008_001105.jpg,train,1,69,281,455,6.117091554723576,1.2302974362970627,-2.8224302261000567
2008_001118,Images/train_pascal/2008_001118.jpg,train,1,151,314,219,314.55016584970394,-3.9836251036182806,1.2750394031750705
2008_001164,Images/train_pascal/2008_001164.jpg,train,47,12,301,406,2.4739933137608787,-0.21552966624635747,1.7779822386787918
2008_001169,Images/train_pascal/2008_001169.jpg,train,3,71,484,300,341.14433820476177,-0.05134417604209571,2.9360687595498245
2008_001358,Images/train_pascal/2008_001358.jpg,train,357,1,499,337,355.0,0.0,0.0
2008_001710,Images/train_pascal/2008_001710.jpg,train,29,1,481,219,201.59585077700035,-4.078541309083091,4.023119556916657
2008_001866,Images/train_pascal/2008_001866.jpg,train,126,25,472,287,349.41172740376015,-3.6146631892791645,2.938450523879668
2008_001926,Images/train_pascal/2008_001926.jpg,train,1,15,230,305,290.11465957102126,-1.830664088673377,-0.965862108349764
2008_001956,Images/train_pascal/2008_001956.jpg,train,13,3,499,141,292.4999996489005,1.8407674011279276,2.4023933542302593
2008_002279,Images/train_pascal/2008_002279.jpg,train,1,105,489,263,42.49999882573312,5.8089309926023995,-2.6239545761048557
2008_002325,Images/train_pascal/2008_002325.jpg,train,1,187,332,395,345.0,0.0,0.0
2008_002344,Images/train_pascal/2008_002344.jpg,train,1,21,374,469,270.0,0.0,0.0
2008_002457,Images/train_pascal/2008_002457.jpg,train,1,290,374,469,25.0,0.0,0.0
2008_002465,Images/train_pascal/2008_002465.jpg,train,33,2,499,332,345.97770794526963,0.8887685557393538,-3.7801417730223164
2008_003025,Images/train_pascal/2008_003025.jpg,train,397,199,499,228,88.83497661089648,3.4675397012571896,-0.49595663460323497
2008_003068,Images/train_pascal/2008_003068.jpg,train,135,121,315,315,3.6883254573364432,-0.8502242218454549,3.5293679051769375
2008_003083,Images/train_pascal/2008_003083.jpg,train,23,80,490,303,32.98653749932385,-0.9329605557090433,-0.13599512732842328
2008_003414,Images/train_pascal/2008_003414.jpg,train,35,84,369,462,353.76767407530434,-1.6380859204045277,-0.8897977946814095
2008_003414,Images/train_pascal/2008_003414.jpg,train,412,302,470,372,6.2837059850567165,-1.2485073690076065,-1.4879839454661128
2008_003571,Images/train_pascal/2008_003571.jpg,train,105,157,366,252,341.9790566421764,1.342710436855063,1.1701431942209068
2008_003578,Images/train_pascal/2008_003578.jpg,train,1,1,479,332,12.957925334935023,0.8997454631663272,-2.0182161806268875
2008_003992,Images/train_pascal/2008_003992.jpg,train,69,23,375,430,356.2359096164144,5.187224678736691,0.6576770779694655
2008_004110,Images/train_pascal/2008_004110.jpg,train,1,1,414,374,166.460784999281,7.991813121649205,11.614296467820811
2008_004235,Images/train_pascal/2008_004235.jpg,train,76,1,499,354,332.5000000043638,4.873390096729413,5.598956052768012
2008_004358,Images/train_pascal/2008_004358.jpg,train,293,67,499,293,41.48665371844839,5.874979786097379,-7.881111459106349
2008_004358,Images/train_pascal/2008_004358.jpg,train,1,24,224,294,110.26526799145783,-1.0342811542324921,-0.9844137717280724
2008_004547,Images/train_pascal/2008_004547.jpg,train,62,80,370,230,349.59319875468714,-0.4967987903240527,3.5747081310331517
2008_004663,Images/train_pascal/2008_004663.jpg,train,55,162,439,258,307.5000001953625,-17.41024278072218,-7.3546710621256235
2008_004770,Images/train_pascal/2008_004770.jpg,train,1,1,484,323,342.4745979443195,1.5273180033478948,1.1774738492512546
2008_004869,Images/train_pascal/2008_004869.jpg,train,1,62,279,342,353.0490167279756,0.74655130082502,-3.1328700123119786
2008_004914,Images/train_pascal/2008_004914.jpg,train,157,124,222,207,7.919421077821571,9.87324460827847,7.504796203084121
2008_004946,Images/train_pascal/2008_004946.jpg,train,70,100,389,321,344.21169293509354,-2.2973126321540533,1.7215763310516918
2008_004946,Images/train_pascal/2008_004946.jpg,train,385,182,427,238,353.13217995090446,-0.5302862399166535,5.645856407672061
2008_005269,Images/train_pascal/2008_005269.jpg,train,24,89,441,319,18.475828355451338,5.932514333263031,2.9900408967548935
2008_005269,Images/train_pascal/2008_005269.jpg,train,465,85,473,97,6.216419413800674,-1.0792009344280364,1.280814636878154
2008_005269,Images/train_pascal/2008_005269.jpg,train,437,84,448,97,5.0,0.0,0.0
2008_005269,Images/train_pascal/2008_005269.jpg,train,322,88,366,103,20.79355568226738,-3.9805806052647923,6.658897369776567
2008_005354,Images/train_pascal/2008_005354.jpg,train,1,1,272,244,350.5510976232852,5.339183275767265,-5.716396578606856
2008_005389,Images/train_pascal/2008_005389.jpg,train,1,59,286,374,5.549665984644923,-0.8588755271606401,1.804420299378027
2008_005653,Images/train_pascal/2008_005653.jpg,train,210,82,499,341,4.115538526600588,1.0249787669445343,-2.4736261792527836
2008_005742,Images/train_pascal/2008_005742.jpg,train,104,138,444,263,16.485142775524057,1.6374879884041977,-8.595282173361868
2008_005742,Images/train_pascal/2008_005742.jpg,train,1,136,172,240,24.912983898198522,0.886182394251066,-5.506481594197848
2008_005968,Images/train_pascal/2008_005968.jpg,train,1,4,499,374,344.0276876408013,3.2771337467182438,-0.49638407362418674
2008_006158,Images/train_pascal/2008_006158.jpg,train,103,157,267,281,9.576225321198335,0.29545875685509687,1.199857399043958
2008_006158,Images/train_pascal/2008_006158.jpg,train,316,192,375,232,8.264599151813991,-0.6434417393275133,-3.2851657937943832
2008_006365,Images/train_pascal/2008_006365.jpg,train,89,77,436,301,18.937836653077277,-1.5066138567706164,0.7063680657638142
2008_006655,Images/train_pascal/2008_006655.jpg,train,1,169,426,276,77.37130020685514,9.904426309870484,4.060228739916203
2008_006818,Images/train_pascal/2008_006818.jpg,train,97,84,499,211,37.66059561516315,-0.510432460973323,-2.076254570568575
2008_006865,Images/train_pascal/2008_006865.jpg,train,34,205,332,312,21.671354681887284,-1.7334077874331304,-6.141805696388362
2008_006919,Images/train_pascal/2008_006919.jpg,train,169,167,461,313,36.20635692492085,7.957353346322126,11.889798700295437
2008_007011,Images/train_pascal/2008_007011.jpg,train,22,100,425,260,331.6655956927067,-2.772744310713748,2.6310122456635954
2008_007115,Images/train_pascal/2008_007115.jpg,train,1,1,308,332,9.140717590837824,-0.2265982339384384,0.09315340315694955
2008_007185,Images/train_pascal/2008_007185.jpg,train,131,133,499,274,137.4999999694401,-6.332126172778743,0.26460472076170416
2008_007201,Images/train_pascal/2008_007201.jpg,train,97,1,499,374,154.35738254264646,-4.876522928574302,-7.035523999405189
2008_007280,Images/train_pascal/2008_007280.jpg,train,1,1,408,399,30.192997463388455,-2.2514455805388973,-2.565723249716583
2008_007383,Images/train_pascal/2008_007383.jpg,train,68,131,285,258,330.0598156688926,-0.403625730766533,-1.0612351000564109
2008_007648,Images/train_pascal/2008_007648.jpg,train,1,52,405,297,336.80777257906146,-3.74496480455671,-11.162015988111026
2008_007759,Images/train_pascal/2008_007759.jpg,train,161,165,355,233,23.151007883879288,0.5604639894978047,-8.76459351685834
2008_007779,Images/train_pascal/2008_007779.jpg,train,80,141,499,258,88.80654945533594,13.521033605984162,-0.775898465785587
2008_007829,Images/train_pascal/2008_007829.jpg,train,1,100,472,329,335.21497860545446,-7.272639837285782,-14.061353729674359
2008_007999,Images/train_pascal/2008_007999.jpg,train,60,105,278,195,339.75177330670317,-2.3992641008001243,2.9223248603290286
2008_008020,Images/train_pascal/2008_008020.jpg,train,1,141,475,295,313.0810138100243,-3.506774706844534,-1.8353075973899131
2008_008074,Images/train_pascal/2008_008074.jpg,train,32,50,493,160,335.0104089618071,-1.617102332717699,1.937447014629176
2008_008152,Images/train_pascal/2008_008152.jpg,train,9,10,452,324,36.205141968120635,-2.134297495986473,-0.028084852644515542
2008_008200,Images/train_pascal/2008_008200.jpg,train,169,8,499,263,22.82547799530155,-1.7759316279764583,1.708236189581943
2008_008223,Images/train_pascal/2008_008223.jpg,train,43,19,365,225,14.303805160049988,-0.927930773152021,-2.85655231503204
2008_008275,Images/train_pascal/2008_008275.jpg,train,29,120,216,233,354.1875735354793,0.8434113466728541,4.647040643951466
2008_008275,Images/train_pascal/2008_008275.jpg,train,317,109,499,215,330.0,0.0,0.0
2008_008321,Images/train_pascal/2008_008321.jpg,train,150,151,357,233,17.75950980914847,-2.086476404778365,-2.690975004679085
2008_008342,Images/train_pascal/2008_008342.jpg,train,175,59,499,265,166.66125535729992,-2.276817065235079,-2.368312017404423
2008_008342,Images/train_pascal/2008_008342.jpg,train,93,162,120,184,164.91591117477222,0.009269347519669848,-0.5473406584103966
2008_008364,Images/train_pascal/2008_008364.jpg,train,48,47,446,165,206.91222821842408,-1.3716959839733338,0.8971554523804717
2008_008382,Images/train_pascal/2008_008382.jpg,train,75,86,218,222,7.665720464660081,-1.9075028007279462,3.7867036475138436
2008_008545,Images/train_pascal/2008_008545.jpg,train,1,137,448,342,248.247280344,-6.260427416696749,0.02503914363602008
2008_008583,Images/train_pascal/2008_008583.jpg,train,1,107,454,268,238.84218582237534,-6.8348747349814865,5.134142138674777
2008_008618,Images/train_pascal/2008_008618.jpg,train,1,54,499,232,95.0,0.0,0.0
2008_008637,Images/train_pascal/2008_008637.jpg,train,1,90,499,174,81.19442803862076,-7.167053996302872,-0.320484050751769
2008_008641,Images/train_pascal/2008_008641.jpg,train,1,147,332,459,21.895102841043684,1.883119210756212,-8.804114860612122
2008_008673,Images/train_pascal/2008_008673.jpg,train,105,1,374,499,125.21261586503503,-1.026387069069356,-0.6316001941660931
2008_008681,Images/train_pascal/2008_008681.jpg,train,29,25,499,303,322.5000000563871,-7.572018271411958,-5.058390027963798
2008_008696,Images/train_pascal/2008_008696.jpg,train,1,117,262,183,251.27998234458835,-1.1271532168402716,3.073950153349882
2008_008697,Images/train_pascal/2008_008697.jpg,train,35,1,374,499,175.10263199619698,1.2383487053791684,-4.415650552384278
2008_008697,Images/train_pascal/2008_008697.jpg,train,1,283,27,330,242.50000075944138,24.213984505534082,-9.514293640087244
2008_008735,Images/train_pascal/2008_008735.jpg,train,99,85,297,290,3.929941435533727,0.0012198458994557002,0.45808673541394307
2008_008749,Images/train_pascal/2008_008749.jpg,train,31,52,416,289,22.50000004499524,5.769626484945875,-12.781646690119535
2008_008757,Images/train_pascal/2008_008757.jpg,train,282,1,499,374,355.0,0.0,0.0
2008_008770,Images/train_pascal/2008_008770.jpg,train,1,1,332,499,349.6970156444104,-3.0847491355177805,-20.126896502813285
2009_000073,Images/train_pascal/2009_000073.jpg,train,97,141,332,387,6.522428486215344,-3.653318771435536,16.138472635703096
2009_000105,Images/train_pascal/2009_000105.jpg,train,199,135,369,210,13.417344759963129,0.9171048459664704,-3.353539284613972
2009_000137,Images/train_pascal/2009_000137.jpg,train,20,53,476,363,342.0829376587149,2.0154182680717048,3.628229231070131
2009_000137,Images/train_pascal/2009_000137.jpg,train,441,85,499,297,355.0,0.0,0.0
2009_000177,Images/train_pascal/2009_000177.jpg,train,41,120,499,285,24.02944549395658,-5.603328013405941,9.084153965622434
2009_000347,Images/train_pascal/2009_000347.jpg,train,84,15,433,308,9.59154033997986,0.3387398930108727,-0.6652601820546933
2009_000443,Images/train_pascal/2009_000443.jpg,train,394,74,499,157,5.019160150057807,0.9357450908258631,-4.169926197407717
2009_000443,Images/train_pascal/2009_000443.jpg,train,201,50,423,168,9.324743977156604,1.010914214754986,-6.501653433083317
2009_000443,Images/train_pascal/2009_000443.jpg,train,1,54,211,167,10.062976095186116,0.21599889240399858,-1.9167499640181456
2009_000476,Images/train_pascal/2009_000476.jpg,train,1,235,488,324,277.51311485650365,-15.776810028017202,-3.8841549558678516
2009_000592,Images/train_pascal/2009_000592.jpg,train,144,177,400,295,345.8805057713468,-2.195353439942416,4.370383190034033
2009_000663,Images/train_pascal/2009_000663.jpg,train,43,97,376,243,337.87222184366385,-1.4865086291345038,-1.3568579351374415
2009_000663,Images/train_pascal/2009_000663.jpg,train,1,146,36,209,0.43161121252945395,0.19155839776574143,1.4124210678158986
2009_000789,Images/train_pascal/2009_000789.jpg,train,60,78,499,311,14.328044434454231,-1.2446476092240166,-0.8533127970864047
2009_000910,Images/train_pascal/2009_000910.jpg,train,22,62,499,291,19.006737754336466,-2.043911577760886,1.4915594118146693
2009_000920,Images/train_pascal/2009_000920.jpg,train,212,130,446,268,16.35073657086629,-1.910043283248317,2.0464043005079375
2009_000920,Images/train_pascal/2009_000920.jpg,train,1,128,189,272,9.674948742018062,2.179834843749767,-6.166967579449201
2009_000974,Images/train_pascal/2009_000974.jpg,train,24,111,479,311,317.5000093521745,-2.995743086808477,-9.19827961492557
2009_000974,Images/train_pascal/2009_000974.jpg,train,1,198,409,374,340.0,5.0,0.0
2009_000974,Images/train_pascal/2009_000974.jpg,train,61,74,402,159,297.5000001425833,10.748330177068848,4.902273178789175
2009_001042,Images/train_pascal/2009_001042.jpg,train,120,45,397,308,353.7396773922137,0.8572796373525383,2.2684561622592083
2009_001042,Images/train_pascal/2009_001042.jpg,train,381,134,498,213,350.02574614642486,1.134492908318896,-4.3285538627632025
2009_001078,Images/train_pascal/2009_001078.jpg,train,111,54,394,271,201.44860110690254,-1.1889538032550042,11.654127025009368
2009_001152,Images/train_pascal/2009_001152.jpg,train,1,77,484,294,337.9713009734382,-3.650266004043483,-12.214089128491258
2009_001192,Images/train_pascal/2009_001192.jpg,train,81,94,341,234,346.79029250450975,1.4989069342347983,0.4956889253379041
2009_001291,Images/train_pascal/2009_001291.jpg,train,96,100,317,389,351.66626206391663,10.481995212724865,-4.331661944680723
2009_001359,Images/train_pascal/2009_001359.jpg,train,158,104,462,265,344.43744493191593,-0.49551740321841387,-1.6575115064600001
2009_001412,Images/train_pascal/2009_001412.jpg,train,92,96,429,231,336.2119007678753,-0.2782090113512603,-4.73948069821063
2009_001493,Images/train_pascal/2009_001493.jpg,train,136,61,474,229,280.0,0.0,0.0
2009_001516,Images/train_pascal/2009_001516.jpg,train,48,139,499,289,132.4999999706835,12.787084284239427,9.736465764315426
2009_001651,Images/train_pascal/2009_001651.jpg,train,1,1,264,206,10.006424764564928,-0.932965691103339,-2.7263256673315186
2009_001651,Images/train_pascal/2009_001651.jpg,train,408,119,499,184,354.6921463555343,-0.003632508351281736,0.011306639346359807
2009_001671,Images/train_pascal/2009_001671.jpg,train,1,12,423,374,350.4138734476229,2.533423428977379,4.900837654963865
2009_001735,Images/train_pascal/2009_001735.jpg,train,112,179,326,357,10.01602321850121,-0.7174845517712137,-3.509683570835228
2009_001747,Images/train_pascal/2009_001747.jpg,train,1,3,499,223,83.63864390400836,7.811839324280421,-4.820675319129977
2009_001747,Images/train_pascal/2009_001747.jpg,train,255,46,399,130,90.0,0.0,0.0
2009_001802,Images/train_pascal/2009_001802.jpg,train,196,173,306,320,2.1047412034710073e-07,0.832416992308537,3.667216437915404
2009_001831,Images/train_pascal/2009_001831.jpg,train,36,188,483,295,43.81452434094937,2.019066422182864,0.8167572419338118
2009_001865,Images/train_pascal/2009_001865.jpg,train,1,150,499,255,88.05294243771262,8.609283462700063,-4.482418737559338
2009_001868,Images/train_pascal/2009_001868.jpg,train,264,110,404,201,347.1821759500148,-1.6410815322968877,-4.962294662044529
2009_001904,Images/train_pascal/2009_001904.jpg,train,1,50,294,499,205.0,0.0,0.0
2009_002116,Images/train_pascal/2009_002116.jpg,train,29,31,332,389,3.5262121871533267e-08,-1.525389298471049,-2.8995909423324724
2009_002197,Images/train_pascal/2009_002197.jpg,train,194,29,397,188,7.130033868893382,5.028042370723084,-3.389946138030772
2009_002214,Images/train_pascal/2009_002214.jpg,train,2,97,335,353,354.91029672624177,-1.5728193212564288,-0.5946511063443253
2009_002214,Images/train_pascal/2009_002214.jpg,train,305,108,499,360,350.0,0.0,0.0
2009_002225,Images/train_pascal/2009_002225.jpg,train,201,134,296,246,2.354343933618314,1.6808284798701325,-2.728199702808823
2009_002274,Images/train_pascal/2009_002274.jpg,train,60,155,487,285,323.90906898221994,-10.342422079294664,-6.9324246404451735
2009_002281,Images/train_pascal/2009_002281.jpg,train,53,85,499,214,117.82770955197383,12.57011289647343,4.530362375515853
2009_002377,Images/train_pascal/2009_002377.jpg,train,404,71,491,149,187.10971468796964,-0.7722054445511112,0.7783529536117958
2009_002557,Images/train_pascal/2009_002557.jpg,train,202,114,369,352,6.929325605665813,1.1161372123948419,4.472263749495443
2009_002616,Images/train_pascal/2009_002616.jpg,train,26,4,266,232,354.53716431245346,2.285509979867136,2.5346848437346288
2009_002624,Images/train_pascal/2009_002624.jpg,train,50,54,392,297,17.390328520313957,1.9503199180299666,2.877920786105322
2009_002624,Images/train_pascal/2009_002624.jpg,train,15,200,305,275,229.88887313671515,2.6931043609867746,-2.9540912505738977
2009_002676,Images/train_pascal/2009_002676.jpg,train,95,38,499,322,36.69223885541007,15.681561829879666,6.221916284082277
2009_002689,Images/train_pascal/2009_002689.jpg,train,108,86,478,297,10.327669188739572,0.5868217512003684,-3.6549177812278364
2009_002695,Images/train_pascal/2009_002695.jpg,train,1,151,499,261,282.02588436425145,16.084621882282836,6.219217441710041
2009_002725,Images/train_pascal/2009_002725.jpg,train,97,7,499,321,116.5322144353851,-15.892465164255837,-5.163094189816204
2009_002734,Images/train_pascal/2009_002734.jpg,train,81,59,397,305,346.87236515715597,-4.5365659401825615,1.9996523698317823
2009_002867,Images/train_pascal/2009_002867.jpg,train,19,75,371,465,352.3016654490104,-1.9896361646062142,0.5130387496957081
2009_002947,Images/train_pascal/2009_002947.jpg,train,84,155,282,234,343.48703161922026,-3.735630750526238,4.807737112439756
2009_003054,Images/train_pascal/2009_003054.jpg,train,129,175,499,233,96.99175191533953,-5.569137194669237,-0.8759477812523219
2009_003233,Images/train_pascal/2009_003233.jpg,train,111,103,441,214,37.49999997531627,15.021665822048666,-5.031574996864366
2009_003333,Images/train_pascal/2009_003333.jpg,train,1,26,483,338,346.30349868805,2.7863903914226205,2.9281333202529476
2009_003407,Images/train_pascal/2009_003407.jpg,train,72,117,421,244,319.5167407720187,2.947714169412868,4.7406429945794395
2009_003436,Images/train_pascal/2009_003436.jpg,train,96,31,499,374,6.366608004782721,-3.8426592278922875,4.577772303997696
2009_003436,Images/train_pascal/2009_003436.jpg,train,1,148,97,334,15.0,-2.5,0.0
2009_003492,Images/train_pascal/2009_003492.jpg,train,67,74,179,128,356.18333339694846,-1.7260078898739113,-3.06895254112273
2009_003497,Images/train_pascal/2009_003497.jpg,train,1,187,429,457,213.77686817567383,1.3252950849593466,-3.826759194227046
2009_003534,Images/train_pascal/2009_003534.jpg,train,62,53,440,282,8.755785694494621,1.1773254647048739,-1.1466485871659324
2009_003534,Images/train_pascal/2009_003534.jpg,train,2,62,101,263,9.951234397458856,0.41751671848109145,1.6037597754858095
2009_003583,Images/train_pascal/2009_003583.jpg,train,147,101,309,263,172.1728493757179,1.6176585995937696,-1.575770309710512
2009_003688,Images/train_pascal/2009_003688.jpg,train,44,201,119,236,15.71894574748135,0.14720278897265143,1.21352163138932
2009_003688,Images/train_pascal/2009_003688.jpg,train,163,201,234,219,138.8088354212346,-0.6689114834006998,-0.39189707696674164
2009_003765,Images/train_pascal/2009_003765.jpg,train,201,143,398,228,161.69731372497264,-0.22434523546640173,-3.4361529496813112
2009_003790,Images/train_pascal/2009_003790.jpg,train,1,128,389,304,310.5759088789536,-2.0463159152582047,0.028642771340451654
2009_003790,Images/train_pascal/2009_003790.jpg,train,241,144,472,293,304.49009273798765,5.60703710595284,4.671015096928191
2009_003942,Images/train_pascal/2009_003942.jpg,train,43,211,331,275,82.49999660176651,-6.130768888540918,1.2863372744111479
2009_004109,Images/train_pascal/2009_004109.jpg,train,27,112,499,228,73.34001111971818,1.6037290194291762,-2.12022113446609
2009_004159,Images/train_pascal/2009_004159.jpg,train,169,22,484,313,7.141414547569195,0.18890835306113962,-0.04309003191553751
2009_004211,Images/train_pascal/2009_004211.jpg,train,27,105,499,254,57.519532192692026,7.09354943987694,-2.289970221772724
2009_004213,Images/train_pascal/2009_004213.jpg,train,132,84,352,286,6.108353173142789,-1.6089224995473859,0.07704185904576097
2009_004213,Images/train_pascal/2009_004213.jpg,train,437,200,466,233,0.7774522100551522,-1.204148724951432,0.055647494554542286
2009_004213,Images/train_pascal/2009_004213.jpg,train,115,170,133,265,0.44228911635771195,0.09417095636637392,-0.8009861702753425
2009_004336,Images/train_pascal/2009_004336.jpg,train,12,127,150,243,354.7392045805515,0.651935837870083,5.17327075379649
2009_004336,Images/train_pascal/2009_004336.jpg,train,138,102,480,298,335.3969212382399,4.046043606128962,4.673810914748996
2009_004371,Images/train_pascal/2009_004371.jpg,train,97,176,365,464,352.7471541566569,1.1165656318940391,0.2479756548529146
2009_004406,Images/train_pascal/2009_004406.jpg,train,42,128,360,218,85.00775943017452,12.68424663169352,4.303327438361134
2009_004511,Images/train_pascal/2009_004511.jpg,train,22,126,298,291,163.2246279980461,0.4247164257682998,1.0260153542399162
2009_004527,Images/train_pascal/2009_004527.jpg,train,203,209,410,290,151.94682973526287,-0.8363932682752725,4.504508510234608
2009_004619,Images/train_pascal/2009_004619.jpg,train,1,1,499,276,90.0,0.0,0.0
2009_004671,Images/train_pascal/2009_004671.jpg,train,2,36,438,332,152.74405667365716,-0.18012313884258263,-2.4896951769002507
2009_004708,Images/train_pascal/2009_004708.jpg,train,24,69,479,360,9.498034661239034,7.114393222892738,-26.624058353387408
2009_004766,Images/train_pascal/2009_004766.jpg,train,47,65,425,275,343.1924794121347,-2.6447319163944583,0.7193510773991095
2009_004771,Images/train_pascal/2009_004771.jpg,train,60,25,401,328,355.0109437231007,-0.16527457443458896,-0.20996332041162286
2009_004804,Images/train_pascal/2009_004804.jpg,train,65,107,447,201,341.08942091086504,-3.350856318744317,-1.0963895067651523
2009_004880,Images/train_pascal/2009_004880.jpg,train,51,126,259,243,325.94876626597556,13.62126688788897,-3.7535976329223577
2009_004958,Images/train_pascal/2009_004958.jpg,train,124,1,499,332,347.8343349204221,1.2192210346273054,-1.8580605352917257
2009_004977,Images/train_pascal/2009_004977.jpg,train,1,177,341,239,67.71050972959567,0.5158948446760362,0.897961588115959
2009_004977,Images/train_pascal/2009_004977.jpg,train,354,180,435,215,3.244760906368667,-0.12255929879833499,2.896162360242598
2009_005024,Images/train_pascal/2009_005024.jpg,train,107,180,241,317,186.10058411627932,-2.2263657547910176,-0.06387750634119554
2009_005084,Images/train_pascal/2009_005084.jpg,train,43,142,499,266,45.28370625137589,0.14052081266765765,1.5406779970857778
2009_005126,Images/train_pascal/2009_005126.jpg,train,27,115,499,264,65.69927293572759,0.9014063803147085,-1.3332973298628457
2009_005128,Images/train_pascal/2009_005128.jpg,train,1,173,360,365,149.27212409178748,1.3359978005846906,0.9398863009717564
2009_005246,Images/train_pascal/2009_005246.jpg,train,131,122,364,239,19.843547043168694,-0.7028779395727567,0.36388978805832584
2009_005287,Images/train_pascal/2009_005287.jpg,train,9,124,496,294,323.33035720854883,-0.8328676847299591,-3.0731516958248597
2009_005303,Images/train_pascal/2009_005303.jpg,train,39,21,499,296,39.878528531459,3.636765905067272,-5.786838011953367
2009_005303,Images/train_pascal/2009_005303.jpg,train,1,89,54,159,55.0,0.0,0.0
2010_000080,Images/train_pascal/2010_000080.jpg,train,1,162,203,327,28.2998944438469,14.403233077611265,4.315921202566212
2010_000080,Images/train_pascal/2010_000080.jpg,train,163,162,422,332,15.0,10.0,0.0
2010_000080,Images/train_pascal/2010_000080.jpg,train,435,170,499,221,160.0,2.5,0.0
2010_000136,Images/train_pascal/2010_000136.jpg,train,51,1,499,332,125.01188179370769,0.02275214235601128,0.011152495832486602
2010_000233,Images/train_pascal/2010_000233.jpg,train,2,215,465,321,321.0029720254604,3.278239111788702,1.1427621631409155
2010_000249,Images/train_pascal/2010_000249.jpg,train,153,133,326,186,343.8415162333843,-0.746480589469388,0.0648029642043375
2010_000513,Images/train_pascal/2010_000513.jpg,train,1,155,418,250,212.68632090121486,-0.9093824757451964,1.5055368148107344
2010_000534,Images/train_pascal/2010_000534.jpg,train,256,83,295,132,180.79417444171494,1.6136404008145342,-1.923264444094871
2010_000581,Images/train_pascal/2010_000581.jpg,train,201,1,499,374,88.96338791492529,-8.41110091183895,1.1279250664862421
2010_000651,Images/train_pascal/2010_000651.jpg,train,38,59,484,223,36.110200987997395,-2.224745267798926,-1.0189930359872628
2010_000740,Images/train_pascal/2010_000740.jpg,train,1,1,315,374,7.658618399213298,0.6462679867053034,-0.31519753767729414
2010_000860,Images/train_pascal/2010_000860.jpg,train,1,1,169,499,3.7999616828984677,1.6529648366099918,2.2198535564562607
2010_000984,Images/train_pascal/2010_000984.jpg,train,86,113,421,227,27.010865295686504,0.8181411896910556,3.862531629518762
2010_001105,Images/train_pascal/2010_001105.jpg,train,1,226,499,278,90.69698711646538,-5.3589541354214205,1.1313662546455787
2010_001143,Images/train_pascal/2010_001143.jpg,train,94,85,304,251,7.967177726103132,1.083255192992151,0.3344839988089304
2010_001250,Images/train_pascal/2010_001250.jpg,train,167,1,477,293,17.500000077290938,4.0536785220736595,-2.9166936244418715
2010_001374,Images/train_pascal/2010_001374.jpg,train,1,237,499,335,72.50000015498992,0.43631372874432056,-1.767033903818919
2010_001395,Images/train_pascal/2010_001395.jpg,train,1,56,304,258,330.4033725118769,-0.4786300674161482,-0.29198093921740265
2010_001395,Images/train_pascal/2010_001395.jpg,train,1,23,499,259,330.6803327014884,-0.047055275812134874,2.7515201524375574
2010_001408,Images/train_pascal/2010_001408.jpg,train,1,177,226,375,25.191734164753495,0.8103902327053398,0.013165943044182232
2010_001408,Images/train_pascal/2010_001408.jpg,train,319,246,374,306,354.7406938207616,1.1065870298413358,-3.1327311799267843
2010_001515,Images/train_pascal/2010_001515.jpg,train,1,74,341,480,190.75933023919802,-2.5477608862718943,-2.382427351659892
2010_001560,Images/train_pascal/2010_001560.jpg,train,146,37,499,309,114.7161309072691,4.2644343928154855,1.2662831332751125
2010_001719,Images/train_pascal/2010_001719.jpg,train,1,127,499,250,78.62259111091784,-9.389828943649283,1.78517610558683
2010_001748,Images/train_pascal/2010_001748.jpg,train,75,19,480,305,347.2531009502364,-1.1252775714381318,-3.564897903057701
2010_001801,Images/train_pascal/2010_001801.jpg,train,38,120,486,293,54.769650554077366,-9.489876643341288,2.2330071955987054
2010_001941,Images/train_pascal/2010_001941.jpg,train,182,70,374,283,354.43372107581035,-1.2279400875932975,-2.6546820450206154
2010_002080,Images/train_pascal/2010_002080.jpg,train,1,135,359,347,47.3072113930453,14.321011954085163,-0.03694427896133325
2010_002179,Images/train_pascal/2010_002179.jpg,train,1,64,499,374,339.3887129419175,-0.1964166823629845,-4.0958223354285535
2010_002208,Images/train_pascal/2010_002208.jpg,train,111,129,499,374,160.54054221200818,1.0074738626105733,-3.0680726505826974
2010_002369,Images/train_pascal/2010_002369.jpg,train,42,13,417,317,349.08880087430816,1.60072089883432,0.2891221809306302
2010_002487,Images/train_pascal/2010_002487.jpg,train,329,139,421,208,7.543359068640603,1.8269497711891998,1.6216543176152391
2010_002556,Images/train_pascal/2010_002556.jpg,train,40,205,463,288,16.516683203069533,2.041657723720064,-4.428897506116872
2010_002618,Images/train_pascal/2010_002618.jpg,train,1,89,150,201,230.43684304152893,-22.43700459741011,14.178985321834993
2010_002697,Images/train_pascal/2010_002697.jpg,train,27,62,499,264,23.576624859023596,-0.7533641003516559,-3.6419045669574737
2010_002722,Images/train_pascal/2010_002722.jpg,train,36,93,499,244,25.965732502662135,-1.5386058026915337,7.154092231846608
2010_002781,Images/train_pascal/2010_002781.jpg,train,184,159,499,194,97.5000071756111,-24.999998563797632,1.1177372519660376
2010_002838,Images/train_pascal/2010_002838.jpg,train,122,44,422,471,166.20893101734725,-0.5868724300118974,2.8606440313078383
2010_002838,Images/train_pascal/2010_002838.jpg,train,21,230,157,356,171.48976918729105,-0.35418048445753064,1.8756995217858634
2010_002851,Images/train_pascal/2010_002851.jpg,train,23,131,488,341,201.83114156478797,-1.5101179957295017,2.746617122624948
2010_002896,Images/train_pascal/2010_002896.jpg,train,174,104,456,243,13.583752533068807,1.1289312782896077,1.736138950388932
2010_002937,Images/train_pascal/2010_002937.jpg,train,106,157,423,290,37.33287031237242,9.06396456750171,-2.385309521994973
2010_002946,Images/train_pascal/2010_002946.jpg,train,57,58,474,280,328.82676209242777,2.77515394243111,-0.5703456045070301
2010_002946,Images/train_pascal/2010_002946.jpg,train,1,55,232,298,356.2731644587082,1.3623945821047732,5.813947073916984
2010_003274,Images/train_pascal/2010_003274.jpg,train,1,63,375,283,211.60210528451964,-7.04410737541004,-1.9388295372227402
2010_003384,Images/train_pascal/2010_003384.jpg,train,1,44,383,324,249.66555237142938,-20.537508376734824,4.873186011635878
2010_003601,Images/train_pascal/2010_003601.jpg,train,179,207,486,233,267.5000000699009,-5.966451676605616,-1.1143466389065213
2010_003788,Images/train_pascal/2010_003788.jpg,train,63,147,334,292,341.68561693429115,2.9241413311852242,2.97043550541475
2010_003900,Images/train_pascal/2010_003900.jpg,train,29,139,366,236,107.49999997217398,11.836889776137747,5.31164298037248
2010_004075,Images/train_pascal/2010_004075.jpg,train,16,131,80,196,4.6226458246788145,-2.29969382392795,2.785539667325739
2010_004075,Images/train_pascal/2010_004075.jpg,train,143,89,425,234,343.146804794283,-0.7830660251066276,2.9515243262110786
2010_004148,Images/train_pascal/2010_004148.jpg,train,196,208,216,228,5.0,0.0,0.0
2010_004148,Images/train_pascal/2010_004148.jpg,train,1,58,199,303,21.477128836584683,-6.325751019253347,0.07733904635969943
2010_004168,Images/train_pascal/2010_004168.jpg,train,208,23,499,328,355.0003013304029,0.0012285251425169122,-0.027844097706686825
2010_004192,Images/train_pascal/2010_004192.jpg,train,186,114,424,204,90.0,0.0,0.0
2010_004256,Images/train_pascal/2010_004256.jpg,train,102,142,378,254,157.74140710597803,0.09943858613564016,-2.2382274142432683
2010_004412,Images/train_pascal/2010_004412.jpg,train,1,132,435,332,213.32098922461103,-3.1604419770676286,-1.0480648911477888
2010_004478,Images/train_pascal/2010_004478.jpg,train,99,147,441,251,36.67379434906711,2.7304807414909464,-7.109695760991621
2010_004604,Images/train_pascal/2010_004604.jpg,train,54,150,466,327,338.35831165079514,1.200568810291178,0.5344311830688463
2010_004669,Images/train_pascal/2010_004669.jpg,train,6,1,421,276,353.92472942316067,-0.9192647699047667,5.990156920643145
2010_004826,Images/train_pascal/2010_004826.jpg,train,1,131,324,202,272.4999997687587,14.77242072204159,0.25857380105932765
2010_005055,Images/train_pascal/2010_005055.jpg,train,51,49,499,293,34.94412745538285,-1.234758786780878,-0.9128143873979749
2010_005309,Images/train_pascal/2010_005309.jpg,train,148,46,336,246,8.390960716313026,-0.8451369189415032,3.2234387710637487
2010_005506,Images/train_pascal/2010_005506.jpg,train,74,195,435,293,80.21278408222938,42.499999848218714,-1.2141306535074112
2010_005559,Images/train_pascal/2010_005559.jpg,train,459,177,494,204,175.63287043550375,-1.3261304735923234,-0.5707640199781687
2010_005559,Images/train_pascal/2010_005559.jpg,train,40,22,390,265,193.47524309521128,-4.395128294591701,0.75265150203388
2010_005565,Images/train_pascal/2010_005565.jpg,train,201,58,499,330,34.32478331315471,-2.848694728798043,6.771590456385832
2010_005565,Images/train_pascal/2010_005565.jpg,train,105,100,252,286,28.587012385386554,-0.43291560407363056,3.8551981754012536
2010_005565,Images/train_pascal/2010_005565.jpg,train,32,11,137,267,43.35212331095592,-3.691876466848867,5.4097839194260215
2010_005591,Images/train_pascal/2010_005591.jpg,train,210,214,253,261,6.242231060281563,0.2273109488137958,1.0598799651943651
2010_005643,Images/train_pascal/2010_005643.jpg,train,92,126,376,184,54.25928507475424,2.892264644744429,-1.5481429396364803
2010_005810,Images/train_pascal/2010_005810.jpg,train,1,1,420,217,20.074726764367202,-0.16889845088635858,-2.118440999990393
2010_005816,Images/train_pascal/2010_005816.jpg,train,271,174,499,246,122.50000008575354,9.4205240713935,3.4536245191584753
2010_005996,Images/train_pascal/2010_005996.jpg,train,308,87,499,190,140.90478011212574,-8.096730593861018,-7.6195459651489355
2011_000012,Images/train_pascal/2011_000012.jpg,train,79,110,499,277,6.516799273728331,-1.5649032897657487,-1.5304745291495314
2011_000058,Images/train_pascal/2011_000058.jpg,train,96,97,451,212,65.25106577623079,-10.371544278471362,0.028231169132647935
2011_000105,Images/train_pascal/2011_000105.jpg,train,1,166,488,324,335.78006604258854,-4.544506748074723,0.5472922120088787
2011_000197,Images/train_pascal/2011_000197.jpg,train,11,1,499,332,124.95428492782246,10.268739463704113,6.236381314786686
2011_000221,Images/train_pascal/2011_000221.jpg,train,166,97,399,217,192.7578464685234,0.3406615235977964,0.6098012281675035
2011_000241,Images/train_pascal/2011_000241.jpg,train,337,1,499,374,354.45305180362135,0.5733931049178755,6.105888335461638
2011_000250,Images/train_pascal/2011_000250.jpg,train,1,196,320,249,257.4999998907563,-22.499999890220263,1.5401879905317926
2011_000277,Images/train_pascal/2011_000277.jpg,train,1,1,487,374,27.402192550561278,-7.618193194322779,13.090495057409674
2011_000398,Images/train_pascal/2011_000398.jpg,train,200,40,499,374,355.0,0.0,0.0
2011_000442,Images/train_pascal/2011_000442.jpg,train,78,103,313,204,339.3961041973024,-8.349449706410944,-7.9086554464750956
2011_000491,Images/train_pascal/2011_000491.jpg,train,194,142,289,201,12.059354067859939,-4.166268347484801,6.933006606142996
2011_000491,Images/train_pascal/2011_000491.jpg,train,1,6,137,219,9.879888680095277,0.6825107985830782,-1.9251112047456838
2011_000513,Images/train_pascal/2011_000513.jpg,train,105,107,487,244,212.50000021970982,6.33384769592486,2.084350012397043
2011_000558,Images/train_pascal/2011_000558.jpg,train,110,131,494,284,21.06255645627768,0.5785957257593389,-4.329008433731713
2011_000819,Images/train_pascal/2011_000819.jpg,train,11,61,482,265,43.806435474369536,-6.432040648574252,2.140620013773121
2011_000848,Images/train_pascal/2011_000848.jpg,train,292,158,499,242,22.629398222658875,0.4030774414851648,-1.9207859809244912
2011_000848,Images/train_pascal/2011_000848.jpg,train,63,183,305,245,32.30423298481323,0.5655226034725499,0.5824260775065461
2011_000858,Images/train_pascal/2011_000858.jpg,train,185,64,499,381,4.985359355303158,0.08413704193947671,1.9094728943709216
2011_000895,Images/train_pascal/2011_000895.jpg,train,53,144,291,334,351.97619017925837,-1.4887031741777612,5.409991634095182
2011_000944,Images/train_pascal/2011_000944.jpg,train,1,1,499,343,95.0,0.0,0.0
2011_000979,Images/train_pascal/2011_000979.jpg,train,30,84,392,230,338.0243845715059,-1.9155840562668343,1.0983050261101097
2011_000987,Images/train_pascal/2011_000987.jpg,train,1,67,420,316,41.306191757181374,-6.055025202230944,4.9086506849647416
2011_000997,Images/train_pascal/2011_000997.jpg,train,2,60,489,216,48.853574111597965,1.8477768410763964,-2.6742558302856407
2011_001052,Images/train_pascal/2011_001052.jpg,train,22,116,481,360,20.110708418135616,1.8083759512602655,-3.9821889929198893
2011_001052,Images/train_pascal/2011_001052.jpg,train,1,185,47,261,45.0,0.0,0.0
2011_001166,Images/train_pascal/2011_001166.jpg,train,129,1,499,332,174.08614965959208,2.7832567350948936,-3.5895177345693345
2011_001381,Images/train_pascal/2011_001381.jpg,train,1,1,499,332,345.0916869150771,0.6337933623135635,-3.7049842055341426
2011_001560,Images/train_pascal/2011_001560.jpg,train,64,50,499,370,14.40409214928291,4.111429282920178,-1.761807949668103
2011_001602,Images/train_pascal/2011_001602.jpg,train,22,16,499,266,54.14142008073216,1.5586491390515098,0.7174417407083107
2011_001671,Images/train_pascal/2011_001671.jpg,train,60,119,465,241,115.63148074053937,-0.15349351638109893,1.3254439082892435
2011_001776,Images/train_pascal/2011_001776.jpg,train,254,91,499,315,36.31469438528829,2.384526749588683,-0.19118810530012084
2011_001776,Images/train_pascal/2011_001776.jpg,train,65,20,499,194,39.750426474583385,4.155115044710336,-2.574926355057332
2011_001796,Images/train_pascal/2011_001796.jpg,train,139,1,499,319,356.35367285482073,1.1858904048937602,1.190451602680544
2011_001889,Images/train_pascal/2011_001889.jpg,train,1,259,286,383,90.0,0.0,0.0
2011_001904,Images/train_pascal/2011_001904.jpg,train,67,212,454,369,16.982009170224728,1.0484435042529139,-5.779241175393243
2011_001904,Images/train_pascal/2011_001904.jpg,train,1,221,102,297,20.0,0.0,0.0
2011_002053,Images/train_pascal/2011_002053.jpg,train,1,113,486,342,268.4081336241874,13.562188706993732,0.33664871704885063
2011_002053,Images/train_pascal/2011_002053.jpg,train,1,86,335,127,270.0,0.0,0.0
2011_002251,Images/train_pascal/2011_002251.jpg,train,1,19,284,489,331.6460490101921,0.11790531574818404,-1.6724895708923746
2011_002278,Images/train_pascal/2011_002278.jpg,train,2,1,364,280,19.651966291814936,-3.2704367918093955,-5.310927985753798
2011_002385,Images/train_pascal/2011_002385.jpg,train,1,1,213,374,27.499999567780634,2.7403203449364635,3.664797171289414
2011_002492,Images/train_pascal/2011_002492.jpg,train,1,89,464,323,5.9893466001685916,-2.2850247870950806,8.961679217071131
2011_002528,Images/train_pascal/2011_002528.jpg,train,1,23,499,352,20.14440897412486,-0.3155001535809558,-3.9666313568107503
2011_002636,Images/train_pascal/2011_002636.jpg,train,62,107,405,242,329.1992032729595,-0.43216300645391337,1.8298420525224024
2011_002779,Images/train_pascal/2011_002779.jpg,train,2,170,51,267,25.0,0.0,0.0
2011_002779,Images/train_pascal/2011_002779.jpg,train,34,103,487,326,18.999603036161012,-2.357365000544568,2.304501771093971
2011_002821,Images/train_pascal/2011_002821.jpg,train,1,1,447,335,342.15911202264095,0.7040177144523836,5.581537882004093
2011_002917,Images/train_pascal/2011_002917.jpg,train,84,39,402,313,5.036622026147127,1.168503195582454,-8.217970626362147
2011_002917,Images/train_pascal/2011_002917.jpg,train,1,56,157,307,5.0,0.0,0.0
2011_002932,Images/train_pascal/2011_002932.jpg,train,168,4,447,275,4.132401821449885,-0.6474286898512945,1.0541436584585353
2011_002987,Images/train_pascal/2011_002987.jpg,train,95,39,324,326,350.26902052284197,10.257762816326021,0.7855422673419258
2011_003124,Images/train_pascal/2011_003124.jpg,train,80,116,361,216,13.093382536911252,2.1518298264922566,-3.439249318905887
2011_003132,Images/train_pascal/2011_003132.jpg,train,147,187,227,287,0.0025459554811133444,-0.7485115271637861,0.00044285575324628433
2011_003132,Images/train_pascal/2011_003132.jpg,train,219,211,245,258,354.05491849878376,-1.2753480832980584,5.293200992667178
2011_003187,Images/train_pascal/2011_003187.jpg,train,1,51,381,228,32.75849235532995,-3.977274260711759,4.3375948668128785
2011_003274,Images/train_pascal/2011_003274.jpg,train,1,113,384,215,256.86911558717094,-22.499999866320103,2.1558299300758224
